Date,month,cpi_us,wti,wti_lastday,brent,brent_lastday,rac
1973M1,1,42.7,2.907706552,2.944661243,2.732403865,2.778641766,2.673292929
1973M2,2,43,2.907706552,2.944661243,2.732403865,2.778641766,2.673292929
1973M3,3,43.4,2.962157986,2.999804712,2.783572477,2.830676256,2.715350227
1973M4,4,43.7,3.092841426,3.132149037,2.906377145,2.955559032,2.844685259
1973M5,5,43.9,3.397769454,3.440952463,3.192921371,3.246952176,3.116686695
1973M6,6,44.2,3.648246049,3.694612421,3.428296985,3.48631083,3.353881431
1973M7,7,44.2,3.702697482,3.749755889,3.479465596,3.53834532,3.401984517
1973M8,8,45,3.702697482,3.749755889,3.479465596,3.53834532,3.401984517
1973M9,9,45.2,4.268992391,4.323247967,4.011619158,4.079504016,3.919395032
1973M10,10,45.6,4.268992391,4.323247967,4.011619158,4.079504016,3.919395032
1973M11,11,45.9,4.748165007,4.808510494,4.461902941,4.537407528,4.362201166
1973M12,12,46.3,5.336240489,5.404059958,5.014523948,5.09938002,4.895546425
1974M1,1,46.8,10.44378496,10.57651735,9.814139726,9.980215185,9.59
1974M2,2,47.3,13.55840696,13.73072377,12.74098432,12.95658801,12.45
1974M3,3,47.8,13.86333499,14.0395272,13.02752854,13.24798116,12.73
1974M4,4,48.1,13.8524447,14.0284985,13.01729482,13.23757425,12.72
1974M5,5,48.6,14.1791533,14.35935932,13.32430649,13.5497812,13.02
1974M6,6,49,14.22271445,14.40347409,13.36524138,13.59140879,13.06
1974M7,7,49.3,13.88511556,14.06158459,13.04799599,13.26879495,12.75
1974M8,8,49.9,13.80888355,13.98438373,12.97635993,13.19594667,12.68
1974M9,9,50.6,13.64552925,13.81895332,12.82285409,13.03984319,12.53
1974M10,10,51,13.54751667,13.71969508,12.73075059,12.94618111,12.44
1974M11,11,51.5,13.64552925,13.81895332,12.82285409,13.03984319,12.53
1974M12,12,51.9,13.96134757,14.13878544,13.11963204,13.34164323,12.82
1975M1,1,52.3,13.90689613,14.08364197,13.06846343,13.28960874,12.77
1975M2,2,52.6,14.21182416,14.3924454,13.35500766,13.58100189,13.05
1975M3,3,52.8,14.46230075,14.64610536,13.59038327,13.82036055,13.28
1975M4,4,53,14.44052018,14.62404797,13.56991583,13.79954675,13.26
1975M5,5,53.1,14.45141047,14.63507666,13.58014955,13.80995364,13.27
1975M6,6,53.5,15.4097557,15.60560172,14.48071711,14.72576067,14.15
1975M7,7,54,15.27907226,15.47325739,14.35791245,14.60087789,14.03
1975M8,8,54.2,15.51865857,15.71588865,14.58305434,14.82982965,14.25
1975M9,9,54.6,15.28996254,15.48428608,14.36814617,14.61128479,14.04
1975M10,10,54.9,15.96516032,16.1680651,15.00263695,15.25651247,14.66
1975M11,11,55.3,16.37899122,16.58715546,15.3915184,15.65197459,15.04
1975M12,12,55.6,16.12851462,16.33349551,15.15614279,15.41261594,14.81
1976M1,1,55.8,14.45141047,14.63507666,13.58014955,13.80995364,13.27
1976M2,2,55.9,14.44052018,14.62404797,13.56991583,13.79954675,13.26
1976M3,3,56,14.71277735,14.89976531,13.82575888,14.05971919,13.51
1976M4,4,56.1,14.58209391,14.76742099,13.70295422,13.93483642,13.39
1976M5,5,56.4,14.60387448,14.78947838,13.72342166,13.95565022,13.41
1976M6,6,56.7,14.68010649,14.86667923,13.79505772,14.0284985,13.48
1976M7,7,57,14.71277735,14.89976531,13.82575888,14.05971919,13.51
1976M8,8,57.3,14.78900936,14.97696617,13.89739494,14.13256748,13.58
1976M9,9,57.6,14.6692162,14.85565054,13.78482399,14.01809161,13.47
1976M10,10,57.9,14.69099678,14.87770793,13.80529144,14.03890541,13.49
1976M11,11,58.1,14.78900936,14.97696617,13.89739494,14.13256748,13.58
1976M12,12,58.4,14.93058308,15.12033919,14.03043333,14.26785716,13.71
1977M1,1,58.7,15.36619455,15.56148694,14.43978222,14.68413308,14.11
1977M2,2,59.3,15.79091573,15.991606,14.8388974,15.0900021,14.5
1977M3,3,59.6,15.83447688,16.03572077,14.87983229,15.13162969,14.54
1977M4,4,60,15.63845172,15.83720429,14.69562528,14.94430553,14.36
1977M5,5,60.2,15.92159917,16.12395032,14.96170206,15.21488487,14.62
1977M6,6,60.5,15.93248946,16.13497902,14.97193579,15.22529178,14.63
1977M7,7,60.8,15.72557401,15.92543384,14.77749506,15.02756072,14.44
1977M8,8,61.1,15.98694089,16.19012249,15.0231044,15.27732627,14.68
1977M9,9,61.3,15.79091573,15.991606,14.8388974,15.0900021,14.5
1977M10,10,61.6,15.85625745,16.05777816,14.90029973,15.15244349,14.56
1977M11,11,62,15.91070889,16.11292163,14.95146834,15.20447798,14.61
1977M12,12,62.3,16.07406319,16.27835204,15.10497418,15.36058145,14.76
1978M1,1,62.7,15.81269631,16.01366339,14.85936484,15.1108159,14.52
1978M2,2,63,15.69290315,15.89234776,14.74679389,14.99634002,14.41
1978M3,3,63.4,15.86714774,16.06880686,14.91053345,15.16285039,14.57
1978M4,4,63.9,15.68201287,15.88131906,14.73656017,14.98593312,14.4
1978M5,5,64.5,15.80180602,16.00263469,14.84913112,15.100409,14.51
1978M6,6,65,15.83447688,16.03572077,14.87983229,15.13162969,14.54
1978M7,7,65.5,15.78002545,15.98057731,14.82866367,15.07959521,14.49
1978M8,8,65.9,15.74735459,15.94749122,14.79796251,15.0483745,14.46
1978M9,9,66.5,15.82358659,16.02469208,14.86959856,15.12122279,14.53
1978M10,10,67.1,15.93248946,16.13497902,14.97193579,15.22529178,14.63
1978M11,11,67.5,16.05228261,16.25629465,15.08450673,15.33976765,14.74
1978M12,12,67.9,16.27008835,16.47686853,15.28918118,15.54790562,14.94
1979M1,1,68.5,16.8799444,17.09447538,15.86226963,16.1306919,15.5
1979M2,2,69.2,17.2937753,17.51356574,16.25115108,16.52615402,15.88
1979M3,3,69.9,17.8709605,18.09808651,16.79353836,17.07771961,16.41
1979M4,4,70.6,19.14512404,19.38844369,17.99088388,18.29532669,17.58
1979M5,5,71.4,20.69154475,20.95451821,19.44407245,19.7731062,19
1979M6,6,72.2,22.90227296,23.19334305,21.52151809,21.8857065,21.03
1979M7,7,73,25.14567202,25.46525397,23.62966489,24.02952749,23.09
1979M8,8,73.7,26.11490754,26.44680771,24.54046618,24.9557414,23.98
1979M9,9,74.4,27.2910585,27.63790664,25.64570819,26.07968638,25.06
1979M10,10,75.2,27.28016822,27.62687795,25.63547447,26.06927949,25.05
1979M11,11,76,29.4255547,29.79953063,27.65151777,28.1194384,27.02
1979M12,12,76.9,31.48381889,31.88395375,29.58569129,30.08634211,28.91
1980M1,1,78,33.48763164,33.91323341,31.4686962,32.00121135,30.75
1980M2,2,79,35.28452895,35.73296789,33.15726039,33.71834952,32.4
1980M3,3,80.1,36.39533819,36.85789465,34.20110007,34.77985311,33.42
1980M4,4,80.9,36.52602163,36.99023898,34.32390473,34.90473589,33.54
1980M5,5,81.7,37.38635428,37.86150579,35.1323688,35.72688083,34.33
1980M6,6,82.5,37.54970859,38.0269362,35.28587463,35.88298431,34.48
1980M7,7,82.6,37.58237945,38.06002228,35.3165758,35.914205,34.51
1980M8,8,83.2,37.50614744,37.98282142,35.24493975,35.84135671,34.44
1980M9,9,83.9,37.52792801,38.00487881,35.26540719,35.86217051,34.46
1980M10,10,84.7,37.71306289,38.1923666,35.43938047,36.03908777,34.63
1980M11,11,85.6,38.21401607,38.69968652,35.9101317,36.51780508,35.09
1980M12,12,86.4,38.80209156,39.29523598,36.4627527,37.07977757,35.63
1981M1,1,87.2,42.30876388,42.84647538,39.7580113,40.43079873,38.85
1981M2,2,88,42.47211818,43.01190579,39.91151713,40.5869022,39
1981M3,3,88.6,41.7206884,42.25092592,39.20539029,39.86882624,38.31
1981M4,4,89.1,41.82959126,42.36121286,39.30772752,39.97289522,38.41
1981M5,5,89.7,41.20884492,41.73257731,38.72440534,39.37970203,37.84
1981M6,6,90.5,40.3267317,40.83925311,37.89547383,38.53674329,37.03
1981M7,7,91.5,39.8366688,40.34296189,37.43495633,38.06843288,36.58
1981M8,8,92.2,39.009007,39.50478117,36.65719343,37.27750864,35.82
1981M9,9,93.1,38.59517611,39.0856908,36.26831198,36.88204651,35.44
1981M10,10,93.4,38.58428582,39.07466211,36.25807826,36.87163962,35.43
1981M11,11,93.8,39.43372819,39.93490022,37.0563086,37.68337766,36.21
1981M12,12,94.1,39.15058073,39.64815418,36.79023182,37.41279831,35.95
1982M1,1,94.4,38.70407898,39.19597774,36.3706492,36.98611549,35.54
1982M2,2,94.7,38.63873726,39.12980558,36.30924687,36.92367411,35.48
1982M3,3,94.7,37.10320683,37.57475975,34.86629202,35.45630149,34.07
1982M4,4,95,35.74192099,36.19617303,33.58707673,34.15543924,32.82
1982M5,5,95.9,35.69835984,36.15205825,33.54614184,34.11381164,32.78
1982M6,6,97,36.7982788,37.26595633,34.57974779,35.16490835,33.79
1982M7,7,97.5,36.41711877,36.87995204,34.22156751,34.80066691,33.44
1982M8,8,97.7,35.88349472,36.33954605,33.72011512,34.29072891,32.95
1982M9,9,97.7,35.97061701,36.4277756,33.8019849,34.3739841,33.03
1982M10,10,98.1,36.24287418,36.70349294,34.05782795,34.63415654,33.28
1982M11,11,98,36.03595873,36.49394776,33.86338723,34.43642548,33.09
1982M12,12,97.7,35.77459185,36.22925911,33.61777789,34.18665993,32.85
1983M1,1,97.9,34.19550028,34.63009851,32.13388815,32.67765972,31.4
1983M2,2,98,33.49852193,33.92426211,31.47892992,32.01161825,30.76
1983M3,3,98.1,30.96108512,31.35457645,29.09447262,29.58681101,28.43
1983M4,4,98.8,30.43835136,30.82519915,28.60325395,29.08727991,27.95
1983M5,5,99.2,30.10187172,30.44277748,28.28706032,28.72641911,28.53
1983M6,6,99.4,30.89419336,31.57997876,29.03161369,29.79950518,29.23
1983M7,7,99.8,31.52662933,32.2039299,29.62592074,30.38827807,28.76
1983M8,8,100.1,31.81807773,31.79131705,29.89979801,29.99892825,29.5
1983M9,9,100.4,31.17872064,30.55347849,29.29898711,28.83087881,29.54
1983M10,10,100.8,30.33805614,30.56354222,28.50900542,28.84037515,29.67
1983M11,11,101.1,29.80165137,29.41627722,28.00493995,27.75779275,29.09
1983M12,12,101.4,29.17661803,29.78863516,27.41758924,28.10915721,29.3
1984M1,1,102.1,29.59005958,30.17105682,27.80610482,28.47001801,28.8
1984M2,2,102.6,29.9837795,30.74468933,28.17608776,29.01130922,28.91
1984M3,3,102.9,30.66057944,31.04660117,28.81208412,29.29619932,28.95
1984M4,4,103.3,30.58555081,30.45284121,28.74157889,28.73591544,29.11
1984M5,5,103.5,30.48865774,31.02647371,28.6505274,29.27720665,29.26
1984M6,6,103.7,29.91986239,29.93959108,28.11602415,28.25160227,29.19
1984M7,7,104.1,28.68571559,27.77588954,26.95628281,26.20988983,29
1984M8,8,104.4,29.26676523,29.41627722,27.50230156,27.75779275,28.92
1984M9,9,104.7,29.31750831,29.84901753,27.54998538,28.16613524,28.7
1984M10,10,105.1,28.74131635,28.64137015,27.00853145,27.0265748,28.79
1984M11,11,105.3,28.05322129,27.48404142,26.36192095,25.93449606,28.74
1984M12,12,105.5,26.858494,26.57830589,25.23922257,25.07982574,28.02
1985M1,1,105.7,25.58775525,26.57830589,24.04509536,25.07982574,27.49
1985M2,2,106.3,27.089426,26.90034519,25.4562319,25.38370852,26.99
1985M3,3,106.8,28.06602847,28.47028678,26.373956,26.86513708,27.2
1985M4,4,107,28.65102451,27.80608072,26.92368322,26.23837884,27.59
1985M5,5,107.2,27.51881244,28.01741901,25.85973107,26.43780191,27.6
1985M6,6,107.5,27.03729559,27.04123739,25.40724439,25.51665724,27.25
1985M7,7,107.7,27.21490914,27.29283059,25.57414979,25.75406566,26.57
1985M8,8,107.9,27.68120813,28.25894849,26.01233609,26.66571401,26.61
1985M9,9,108.1,28.16050225,29.2653213,26.46273405,27.6153477,26.56
1985M10,10,108.5,29.41602569,30.57360595,27.64256325,28.84987149,26.79
1985M11,11,109,30.66265654,29.93959108,28.81403599,28.25160227,27.12
1985M12,12,109.5,27.0901876,26.46760489,25.45694759,24.97536604,26.21
1986M1,1,109.9,22.93,18.95,21.54757349,17.88160237,24.93
1986M2,2,109.7,15.45,13.23,14.51853513,12.48409496,18.11
1986M3,3,109.1,12.61,10.25,11.84975585,9.672106825,14.22
1986M4,4,108.7,12.84,13.38,12.06588939,12.62563798,13.15
1986M5,5,109,15.38,14.3,14.45275536,13.49376855,13.17
1986M6,6,109.4,13.43,12.8,12.62031888,12.07833828,12.25
1986M7,7,109.5,11.58,11.23,10.88185351,10.5968546,10.91
1986M8,8,109.6,15.1,15.93,14.18963627,15.03186944,11.87
1986M9,9,110,14.87,14.7,13.97350274,13.87121662,12.85
1986M10,10,110.2,14.9,15.25,14.00169407,14.39020772,12.78
1986M11,11,110.4,15.22,15,14.30240159,14.15430267,13.46
1986M12,12,110.8,16.11,17.93,15.13874439,16.91910979,14.17
1987M1,1,111.4,18.65,18.73,17.52561036,17.67400593,16.45
1987M2,2,111.8,17.75,16.45,16.67987045,15.52255193,16.98
1987M3,3,112.2,18.3,18.82,17.19671151,17.75893175,17.26
1987M4,4,112.7,18.68,18.76,17.55380169,17.70231454,17.89
1987M5,5,113,19.44,19.36,18.26798206,18.26848665,18.25
1987M6,6,113.5,20.07,20.22,18.86,19.08,18.71
1987M7,7,113.8,21.38,21.43,19.86,20.03,19.26
1987M8,8,114.3,20.31,19.76,18.98,18.63,19.32
1987M9,9,114.7,19.54,19.62,18.31,18.48,18.57
1987M10,10,115,19.86,19.96,18.76,18.8,18.53
1987M11,11,115.4,18.85,18.52,17.78,17.7,18.14
1987M12,12,115.6,17.27,16.74,17.05,17.6,17.2
1988M1,1,116,17.13,16.97,16.75,16.28,15.45
1988M2,2,116.2,16.79,15.98,15.73,14.73,15.43
1988M3,3,116.5,16.2,17.09,14.73,15.65,14.73
1988M4,4,117.2,17.86,18.1,16.6,16.6,15.62
1988M5,5,117.5,17.42,17.54,16.31,16.2,15.93
1988M6,6,118,16.53,15.2,15.54,14.18,15.5
1988M7,7,118.5,15.5,16.37,14.91,15.75,14.81
1988M8,8,119,15.52,15.19,14.89,14.4,14.32
1988M9,9,119.5,14.52,13.33,13.18,11.93,13.84
1988M10,10,119.9,13.77,13.54,12.41,12.6,13.05
1988M11,11,120.3,14.14,15.42,13.02,14.35,12.66
1988M12,12,120.7,16.38,17.12,15.31,16.23,14.11
1989M1,1,121.2,18.02,17,17.17,16.38,16.04
1989M2,2,121.6,17.9,18.21,16.89,17.23,16.61
1989M3,3,122.2,19.48,20.27,18.7,20.45,17.77
1989M4,4,123.1,21.07,20.38,20.32,20.15,19.59
1989M5,5,123.7,20.15,19.93,18.63,18.25,19.05
1989M6,6,124.1,20.05,20.29,17.67,18.28,18.27
1989M7,7,124.5,19.76,18.33,17.62,16.3,17.99
1989M8,8,124.5,18.58,18.83,16.77,17.2,17.23
1989M9,9,124.8,19.63,20.15,17.77,18.23,17.62
1989M10,10,125.4,20.1,19.88,18.91,18.93,18.29
1989M11,11,125.9,19.86,19.87,18.73,18.48,18.32
1989M12,12,126.3,21.1,21.84,19.84,21.05,20.05
1990M1,1,127.5,22.86,22.69,21.25,20.5,20.51
1990M2,2,128,22.09,21.55,19.81,19.2,19.78
1990M3,3,128.6,20.39,20.34,18.39,17.95,18.94
1990M4,4,128.9,18.43,18.5,16.61,16.35,16.66
1990M5,5,129.1,18.2,17.47,16.35,15.3,16.07
1990M6,6,129.9,16.7,17.05,15.1,15.73,15.15
1990M7,7,130.5,18.54,20.57,17.17,19.23,16.54
1990M8,8,131.6,27.31,27.45,27.17,27.8,24.26
1990M9,9,132.5,33.83,39.53,34.9,41,29.88
1990M10,10,133.4,36.04,35.31,36.02,34.3,32.88
1990M11,11,133.7,32.44,29.08,33.07,31.2,30.19
1990M12,12,134.2,27.28,28.48,28.27,28.35,25.56
1991M1,1,134.7,25.23,21.9,23.57,20.7,22.3
1991M2,2,134.8,20.46,19.28,19.54,19.5,18.3
1991M3,3,134.8,19.9,19.63,19.08,18,17.58
1991M4,4,135.1,20.83,20.99,19.18,19.7,18.32
1991M5,5,135.6,21.23,21.16,19.19,19,18.36
1991M6,6,136,20.19,20.56,18.17,18.48,17.78
1991M7,7,136.2,21.44,21.7,19.4,19.65,18.14
1991M8,8,136.6,21.69,22.28,19.77,20.53,18.71
1991M9,9,137,21.89,22.25,20.5,21.43,19
1991M10,10,137.2,23.23,23.29,22.21,22,19.86
1991M11,11,137.8,22.52,21.48,21.11,20.08,19.35
1991M12,12,138.2,19.5,19.15,18.41,17.75,17.17
1992M1,1,138.3,18.79,18.93,18.16,18.15,16.1
1992M2,2,138.6,18.99,18.69,18.05,17.45,16
1992M3,3,139.1,18.92,19.49,17.63,19.09,16.36
1992M4,4,139.4,20.23,20.88,18.92,19.65,17.37
1992M5,5,139.7,20.98,22.13,19.89,20.7,18.79
1992M6,6,140.1,22.38,21.84,21.16,20.6,19.83
1992M7,7,140.5,21.76,21.83,20.24,20.38,19.74
1992M8,8,140.8,21.34,21.46,19.74,19.65,19.25
1992M9,9,141.1,21.89,21.83,20.27,20.18,19.26
1992M10,10,141.7,21.69,20.68,20.26,19.13,19.34
1992M11,11,142.1,20.34,19.91,19.21,19.25,18.4
1992M12,12,142.3,19.41,19.49,18.14,17.85,16.94
1993M1,1,142.8,19.03,20.27,17.39,18.48,16.8
1993M2,2,143.1,20.09,20.53,18.47,18.83,17.41
1993M3,3,143.3,20.32,20.44,18.79,18.7,17.82
1993M4,4,143.8,20.25,20.54,18.67,18.85,18.35
1993M5,5,144.2,19.95,20.04,18.51,18.43,17.89
1993M6,6,144.3,19.09,18.82,17.65,17.43,16.8
1993M7,7,144.5,17.89,17.94,16.78,16.85,15.81
1993M8,8,144.8,18.01,18.24,16.7,16.73,15.64
1993M9,9,145,17.5,18.72,16.01,17.23,15.32
1993M10,10,145.6,18.15,16.97,16.61,15.43,15.59
1993M11,11,146,16.61,15.36,15.2,14.23,14.05
1993M12,12,146.3,14.51,14.19,13.73,13.18,12.56
1994M1,1,146.3,15.03,15.24,14.29,14.83,12.93
1994M2,2,146.7,14.78,14.5,13.8,13.59,12.9
1994M3,3,147.1,14.68,14.78,13.82,13.25,13.18
1994M4,4,147.2,16.41,16.92,15.23,15.35,14.54
1994M5,5,147.5,17.89,18.3,16.19,16.18,15.74
1994M6,6,147.9,19.06,19.37,16.76,17.45,17.04
1994M7,7,148.4,19.65,20.3,17.6,18.48,17.52
1994M8,8,149,18.38,17.6,16.89,16.03,16.66
1994M9,9,149.3,17.45,18.36,15.9,16.73,15.91
1994M10,10,149.4,17.72,18.16,16.49,17.18,16.27
1994M11,11,149.8,18.07,18.06,17.19,16.95,16.46
1994M12,12,150.1,17.16,17.77,15.93,16.23,15.78
1995M1,1,150.5,18.04,18.48,16.55,16.8,16.56
1995M2,2,150.9,18.57,18.52,17.11,17.23,17.21
1995M3,3,151.2,18.54,19.18,17.01,17.98,17.21
1995M4,4,151.8,19.9,20.36,18.65,18.98,18.7
1995M5,5,152.1,19.74,18.88,18.35,17.58,18.56
1995M6,6,152.4,18.45,17.38,17.31,16.58,17.43
1995M7,7,152.6,17.33,17.62,15.85,15.78,16.5
1995M8,8,152.9,18.02,17.89,16.1,16.2,16.54
1995M9,9,153.1,18.23,17.54,16.7,16.58,16.71
1995M10,10,153.5,17.43,17.67,16.11,16.58,16.29
1995M11,11,153.7,17.99,18.27,16.86,17.13,16.52
1995M12,12,153.9,19.03,19.54,17.93,18.65,17.53
1996M1,1,154.7,18.85,17.76,17.85,16.63,17.48
1996M2,2,155,19.09,19.59,18,18.8,17.77
1996M3,3,155.5,21.33,21.43,19.85,20.33,19.9
1996M4,4,156.1,23.5,20.95,20.9,19.5,21.33
1996M5,5,156.4,21.17,19.77,19.15,18.1,20.12
1996M6,6,156.7,20.42,20.92,18.46,19.28,19.32
1996M7,7,157,21.3,20.46,19.57,19,19.6
1996M8,8,157.2,21.9,22.25,20.51,20.98,20.53
1996M9,9,157.7,23.97,24.2,22.63,24.15,22.04
1996M10,10,158.2,24.88,23.25,24.16,22.8,23.22
1996M11,11,158.7,23.71,23.7,22.76,23.17,22.66
1996M12,12,159.1,25.23,25.9,23.78,23.9,23.22
1997M1,1,159.4,25.13,24.15,23.54,23.28,23.02
1997M2,2,159.7,22.18,20.3,20.85,19.44,20.88
1997M3,3,159.8,20.97,20.35,19.13,18.53,19.16
1997M4,4,159.9,19.7,20.2,17.56,18.25,17.83
1997M5,5,159.9,20.82,21,19.02,18.99,18.55
1997M6,6,160.2,19.26,19.82,17.58,18.22,17.35
1997M7,7,160.4,19.66,20.19,18.46,18.94,17.49
1997M8,8,160.8,19.95,19.66,18.6,17.98,17.96
1997M9,9,161.2,19.8,21.13,18.46,19.96,17.85
1997M10,10,161.5,21.33,21.1,19.87,19.42,18.73
1997M11,11,161.7,20.19,19.13,19.17,18.96,17.88
1997M12,12,161.8,18.33,17.65,17.18,15.86,15.95
1998M1,1,162,16.72,17.21,15.19,15.59,14.33
1998M2,2,162,16.06,15.44,14.07,13.53,13.32
1998M3,3,162,15.12,15.75,13.1,13.87,12.34
1998M4,4,162.2,15.35,15.56,13.53,13.79,12.81
1998M5,5,162.6,14.91,15.21,14.36,14.03,12.61
1998M6,6,162.8,13.72,14.3,12.21,11.84,11.61
1998M7,7,163.2,14.17,14.27,12.08,12.63,11.55
1998M8,8,163.4,13.47,13.29,11.91,12.06,11.34
1998M9,9,163.5,15.03,16.19,13.34,14.71,12.77
1998M10,10,163.9,14.46,14.48,12.7,12,12.11
1998M11,11,164.1,13,11.37,11.04,9.91,10.99
1998M12,12,164.4,11.35,12.14,9.82,10.54,9.39
1999M1,1,164.7,12.51,12.81,11.11,11.34,10.16
1999M2,2,164.7,12.01,12.31,10.27,10.58,10.33
1999M3,3,164.8,14.68,16.66,12.51,15.02,12.1
1999M4,4,165.9,17.31,18.69,15.29,16.45,14.82
1999M5,5,166,17.72,16.85,15.23,14.75,15.57
1999M6,6,166,17.92,19.33,15.86,16.97,15.91
1999M7,7,166.7,20.1,20.52,19.08,19.97,18.05
1999M8,8,167.1,21.28,22.15,20.22,21.08,19.56
1999M9,9,167.8,23.8,24.54,22.54,22.98,21.64
1999M10,10,168.1,22.69,21.79,22,21.11,21.62
1999M11,11,168.4,25,24.87,24.58,25.2,23.14
1999M12,12,168.8,26.1,25.76,25.47,24.93,24.35
2000M1,1,169.3,27.26,27.65,25.51,27.08,25.29
2000M2,2,170,29.37,30.57,27.78,29.01,27.39
2000M3,3,171,29.84,26.86,27.49,23.98,27.7
2000M4,4,170.9,25.72,25.71,22.76,23.79,24.29
2000M5,5,171.2,28.79,29.03,27.74,29.64,26.35
2000M6,6,172.2,31.82,32.44,29.8,31.58,28.91
2000M7,7,172.7,29.7,27.5,28.68,25.3,28
2000M8,8,172.7,31.26,33.09,30.2,35.08,28.8
2000M9,9,173.6,33.88,30.87,33.14,28.42,30.56
2000M10,10,173.9,33.11,32.7,30.96,30.15,29.71
2000M11,11,174.2,34.42,33.61,32.55,32.53,30
2000M12,12,174.6,28.44,26.72,25.66,22.58,25.19
2001M1,1,175.6,29.59,28.62,25.62,26.59,24.49
2001M2,2,176,29.61,27.35,27.5,25.16,24.97
2001M3,3,176.1,27.24,26.37,24.5,23.5,23.01
2001M4,4,176.4,27.49,28.48,25.66,27.21,22.99
2001M5,5,177.3,28.63,28.39,28.31,28.55,24.63
2001M6,6,177.7,27.6,26.37,27.85,26.21,23.95
2001M7,7,177.4,26.42,26.7,24.61,24.35,22.76
2001M8,8,177.4,27.37,26.65,25.68,26.8,23.77
2001M9,9,178.1,25.62,23.44,25.62,21.87,22.51
2001M10,10,177.6,22.17,21.2,20.54,19.63,18.76
2001M11,11,177.5,19.64,19.46,18.8,18.92,16.06
2001M12,12,177.4,19.39,19.96,18.71,19.35,15.95
2002M1,1,177.7,19.71,19.71,19.42,19.07,17.04
2002M2,2,178,20.72,21.78,20.28,20.73,18.24
2002M3,3,178.5,24.53,26.21,23.7,25.34,22.29
2002M4,4,179.3,26.18,27.32,25.73,26.98,23.98
2002M5,5,179.5,27.04,25.37,25.35,23.87,24.44
2002M6,6,179.6,25.52,26.79,24.08,25.33,23.45
2002M7,7,180,26.97,27.02,25.74,26.28,24.99
2002M8,8,180.5,28.39,28.97,26.65,27.56,25.68
2002M9,9,180.8,29.66,30.59,28.4,29.11,27.14
2002M10,10,181.2,28.84,27.18,27.54,25.51,25.99
2002M11,11,181.5,26.35,26.87,24.34,25.74,23.68
2002M12,12,181.8,29.46,31.21,28.33,30.12,26.68
2003M1,1,182.6,32.95,33.51,31.18,31.57,30.3
2003M2,2,183.6,35.83,36.76,32.77,34,32.23
2003M3,3,183.9,33.51,31.14,30.61,28.05,29.23
2003M4,4,183.2,28.17,26.09,25,23.6,24.48
2003M5,5,182.9,28.11,29.56,25.86,26.58,25.15
2003M6,6,183.1,30.66,30.15,27.65,28.88,27.22
2003M7,7,183.7,30.75,30.56,28.35,28.68,27.95
2003M8,8,184.5,31.57,31.76,29.89,30.38,28.5
2003M9,9,185.1,28.31,29.19,27.11,28.09,25.66
2003M10,10,184.9,30.34,29.24,29.61,27.88,27.32
2003M11,11,185,31.11,30.33,28.75,28.95,27.47
2003M12,12,185.5,32.13,32.51,29.81,30.3,28.63
2004M1,1,186.3,34.31,33.16,31.28,29.53,30.11
2004M2,2,186.7,34.68,36.08,30.86,32.94,30.69
2004M3,3,187.1,36.74,35.75,33.63,32.29,32.16
2004M4,4,187.4,36.75,37.31,33.59,35.23,32.34
2004M5,5,188.2,40.28,39.9,37.57,37,35.68
2004M6,6,188.9,38.03,36.92,35.18,33.22,33.45
2004M7,7,189.1,40.78,43.72,38.22,41.47,35.89
2004M8,8,189.2,44.9,42.23,42.74,39.8,39.46
2004M9,9,189.8,45.94,49.56,43.2,47.76,40.42
2004M10,10,190.8,53.28,51.78,49.78,48.16,45.36
2004M11,11,191.7,48.47,49.16,43.11,44.23,39.89
2004M12,12,191.7,43.15,43.36,39.6,40.38,34.07
2005M1,1,191.6,46.84,48.25,44.51,44.51,37.56
2005M2,2,192.4,48.15,51.75,45.48,50.13,39.72
2005M3,3,193.1,54.19,55.31,53.1,53.22,45.73
2005M4,4,193.7,52.98,49.2,51.88,50.61,45.25
2005M5,5,193.6,49.83,52.08,48.65,49.3,43.19
2005M6,6,193.7,56.35,56.63,54.35,55.36,49.28
2005M7,7,194.9,59,60.71,57.52,59.77,52.79
2005M8,8,196.1,64.99,68.63,63.98,66.8,58.67
2005M9,9,198.8,65.59,66.21,62.91,61.7,58.79
2005M10,10,199.1,62.26,59.8,58.54,58.47,55.31
2005M11,11,198.1,58.32,57.33,55.24,53.25,49.97
2005M12,12,198.1,59.41,61.06,56.86,58.34,50.85
2006M1,1,199.3,65.49,67.86,62.99,63.19,55.85
2006M2,2,199.4,61.63,61.37,60.21,59.78,52.8
2006M3,3,199.7,62.69,66.25,62.06,66.06,55.31
2006M4,4,200.7,69.44,71.8,70.26,72.15,62.41
2006M5,5,201.3,70.84,71.42,69.78,67.57,64.39
2006M6,6,201.8,70.95,73.94,68.56,73.2,63.79
2006M7,7,202.9,74.41,74.56,73.67,74.75,67.99
2006M8,8,203.8,73.04,70.38,73.23,67.66,66.45
2006M9,9,202.8,63.8,62.9,61.96,59.09,57.29
2006M10,10,201.9,58.89,58.72,57.81,56.13,52.7
2006M11,11,202,59.08,62.97,58.76,64.36,52.7
2006M12,12,203.1,61.96,60.85,62.47,58.96,54.97
2007M1,1,203.4,54.19,58.17,53.68,56.52,49.57
2007M2,2,204.2,59.28,61.78,57.56,59.39,53.77
2007M3,3,205.3,60.44,65.94,62.05,68.47,56.31
2007M4,4,205.9,63.98,65.78,67.49,67.23,60.45
2007M5,5,206.8,63.45,64.02,67.21,68.18,61.55
2007M6,6,207.2,67.49,70.47,71.05,72.22,65.24
2007M7,7,207.6,74.12,78.2,76.93,77.01,70.75
2007M8,8,207.7,72.36,73.98,70.76,72.29,68.28
2007M9,9,208.5,79.91,81.64,77.17,80.97,72.34
2007M10,10,209.2,85.8,94.16,82.34,89.87,78.61
2007M11,11,210.8,94.77,88.6,92.41,88.71,85.53
2007M12,12,211.4,91.69,95.95,90.93,93.68,83.21
2008M1,1,212.2,92.97,91.67,92.18,91.58,84.82
2008M2,2,212.7,95.39,101.78,94.99,100.9,87.41
2008M3,3,213.4,105.45,101.54,103.64,102.33,96.96
2008M4,4,213.9,112.58,113.7,109.07,111.12,104.72
2008M5,5,215.2,125.4,127.35,122.8,127.85,116.55
2008M6,6,217.5,133.88,139.96,132.32,138.4,126.22
2008M7,7,219,133.37,124.17,132.72,124.1,127.77
2008M8,8,218.7,116.67,115.55,113.24,113.49,111.19
2008M9,9,218.9,104.11,100.7,97.23,93.52,96.38
2008M10,10,217,76.61,68.1,71.58,60,70.84
2008M11,11,213.2,57.31,55.21,52.45,47.72,49.1
2008M12,12,211.4,41.12,44.6,39.95,35.82,35.59
2009M1,1,211.9,41.71,41.73,43.44,44.17,36.84
2009M2,2,212.7,39.09,44.15,43.32,44.41,38.56
2009M3,3,212.5,47.94,49.64,46.54,46.13,45.96
2009M4,4,212.7,49.65,50.35,50.18,50.3,49.58
2009M5,5,213,59.03,66.31,57.3,64.98,56.77
2009M6,6,214.8,69.64,69.82,68.61,68.11,66.37
2009M7,7,214.7,64.15,69.26,64.44,70.08,63.46
2009M8,8,215.4,71.04,69.97,72.51,69.02,68.09
2009M9,9,215.9,69.41,70.46,67.65,65.82,67.65
2009M10,10,216.5,75.72,77.04,72.77,74.91,72.06
2009M11,11,217.2,77.99,77.19,76.66,77.77,74.4
2009M12,12,217.3,74.47,79.39,74.46,77.91,72.67
2010M1,1,217.5,78.33,72.85,76.17,71.2,75.07
2010M2,2,217.3,76.39,79.72,73.75,76.36,73.73
2010M3,3,217.4,81.2,83.45,78.83,80.37,76.77
2010M4,4,217.4,84.29,86.07,84.82,86.19,80.03
2010M5,5,217.3,73.74,74,75.95,73,71.15
2010M6,6,217.2,75.34,75.59,74.76,74.94,71.91
2010M7,7,217.6,76.32,78.85,75.58,77.5,73.27
2010M8,8,217.9,76.6,71.93,77.04,75.51,73.52
2010M9,9,218.3,75.24,79.95,77.84,80.77,73.15
2010M10,10,219,81.89,81.45,82.67,82.47,76.9
2010M11,11,219.6,84.25,84.12,85.28,86.02,79.92
2010M12,12,220.5,89.15,91.38,91.45,93.23,85.59
2011M1,1,221.2,89.17,90.99,96.52,98.97,87.61
2011M2,2,221.9,88.58,97.1,103.72,112.27,91.42
2011M3,3,223,102.86,106.19,114.64,116.94,102.43
2011M4,4,224.1,109.53,113.39,123.26,126.59,113.02
2011M5,5,224.8,100.9,102.7,114.99,117.18,107.98
2011M6,6,224.8,96.26,95.3,113.83,111.71,105.38
2011M7,7,225.4,97.3,95.68,116.97,115.93,105.94
2011M8,8,226.1,86.33,88.81,110.22,116.48,99
2011M9,9,226.6,85.52,78.93,112.83,105.42,101.05
2011M10,10,226.8,86.32,93.19,109.55,108.43,101.99
2011M11,11,227.2,97.16,100.36,110.77,111.22,107.67
2011M12,12,227.2,98.56,98.83,107.87,108.09,106.52
2012M1,1,227.8,100.27,98.46,110.69,110.26,105.25
2012M2,2,228.3,102.2,107.08,119.33,122.23,108.08
2012M3,3,228.8,106.16,103.03,125.45,123.41,111
2012M4,4,229.2,103.32,104.89,119.75,118.66,108.54
2012M5,5,228.7,94.65,86.52,110.34,103.86,103.26
2012M6,6,228.5,82.3,85.04,95.16,94.17,92.18
2012M7,7,228.6,87.9,88.08,102.62,105.93,92.99
2012M8,8,229.9,94.13,96.47,113.36,113.93,97.04
2012M9,9,231,94.51,92.18,112.86,111.36,101.82
2012M10,10,231.6,89.86,86.23,111.71,109.89,100.92
2012M11,11,231.2,86.53,88.54,109.06,110.84,98.07
2012M12,12,231.2,87.86,91.83,109.49,110.8,93.7
2013M1,1,231.7,94.76,97.65,112.96,115.55,97.91
2013M2,2,232.9,95.31,92.03,116.05,112.2,99.23
2013M3,3,232.3,92.94,97.24,108.47,108.46,99.11
2013M4,4,231.8,92.02,93.22,102.25,101.53,96.45
2013M5,5,231.9,94.51,91.93,102.56,100.43,98.5
2013M6,6,232.4,95.77,96.36,102.92,102.49,97.17
2013M7,7,232.9,104.67,105.1,107.93,107.89,101.56
2013M8,8,233.5,106.57,107.98,111.28,115.97,104.16
2013M9,9,233.5,106.29,102.36,111.6,107.85,103.49
2013M10,10,233.7,100.54,96.29,109.08,107.53,97.84
2013M11,11,234.1,93.86,92.55,107.79,111.07,90.36
2013M12,12,234.7,97.63,98.17,110.76,109.95,90.57
2014M1,1,235.3,94.62,97.55,108.12,108.16,89.71
2014M2,2,235.5,100.82,102.88,108.9,108.98,96.1
2014M3,3,236,100.8,101.57,107.48,105.95,97.13
2014M4,4,236.5,102.07,100.07,107.76,108.63,97.33
2014M5,5,236.9,102.18,103.4,109.54,109.21,98.46
2014M6,6,237.2,105.79,106.07,111.8,111.03,100.26
2014M7,7,237.5,103.59,98.23,106.77,104.94,98.75
2014M8,8,237.5,96.54,97.86,101.61,101.12,93.23
2014M9,9,237.5,93.21,91.17,97.09,94.67,89.38
2014M10,10,237.4,84.4,80.53,87.43,84.17,82.75
2014M11,11,237,75.79,65.94,79.44,71.89,74.34
2014M12,12,236.3,59.29,53.45,62.34,55.27,57.36
2015M1,1,234.7,47.22,47.79,47.76,47.52,44.74
2015M2,2,235.3,50.58,49.84,58.1,61.89,47.18
2015M3,3,236,47.82,47.72,55.89,53.69,47.22
2015M4,4,236.2,54.45,59.62,59.52,63.9,51.62
2015M5,5,237,59.27,60.25,64.08,63.16,57.51
2015M6,6,237.7,59.82,59.48,61.48,60.31,58.89
2015M7,7,238,50.9,47.11,56.56,53.29,52.42
2015M8,8,238,42.87,49.2,46.52,47.97,43.23
2015M9,9,237.5,45.48,45.06,47.62,47.29,41.12
2015M10,10,237.7,46.22,46.6,48.43,48,42.03
2015M11,11,238,42.44,40.43,44.27,43.73,39.05
2015M12,12,237.8,37.19,37.13,38.01,36.61,33.16
2016M1,1,237.7,31.68,33.66,30.7,33.14,27.48
2016M2,2,237.3,30.32,32.74,32.18,35.92,26.66
2016M3,3,238.1,37.55,36.94,38.21,36.75,32.24
2016M4,4,239,40.76,45.98,41.58,45.64,35.9
2016M5,5,239.6,46.71,49.1,46.74,49.26,40.88
2016M6,6,240.2,48.76,48.27,48.25,48.05,44.13
2016M7,7,240.1,44.65,41.54,44.95,40.76,41.48
2016M8,8,240.5,44.72,44.68,45.84,47.94,41.21
2016M9,9,241.2,45.18,47.72,46.57,48.24,40.86
2016M10,10,241.7,49.78,46.83,49.52,46.2,44.76
2016M11,11,242,45.66,49.41,44.73,47.95,41.8
2016M12,12,242.6,51.97,53.75,53.31,54.96,46.72
2017M1,1,243.6,52.5,52.75,54.58,55.25,48.12
2017M2,2,244,53.47,54,54.87,53.36,49.38
2017M3,3,243.9,49.33,50.54,51.59,52.2,46.53
2017M4,4,244.2,51.06,49.31,52.31,49.46,47.47
2017M5,5,244,48.48,48.29,50.33,49.4,47.21
2017M6,6,244.2,45.18,46.02,46.37,47.08,44.03
2017M7,7,244.2,46.63,50.21,48.48,51.99,44.76
2017M8,8,245.2,48.04,47.26,51.7,52.69,47.62
2017M9,9,246.4,49.82,51.67,56.15,57.02,50.46
2017M10,10,246.6,51.58,54.36,57.51,61.35,51.4
2017M11,11,247.3,56.64,57.4,62.71,63.53,56.3
2017M12,12,247.8,57.88,60.46,64.37,66.73,57.44
2018M1,1,248.9,63.7,64.82,69.08,67.78,59.71
2018M2,2,249.5,62.23,61.43,65.32,66.08,58.03
2018M3,3,249.6,62.72,64.87,66.02,69.02,56.82
2018M4,4,250.2,66.25,68.56,72.11,75.92,61.24
2018M5,5,250.8,69.98,66.98,76.98,76.45,65.89
2018M6,6,251,67.87,74.13,74.41,77.44,66.82
2018M7,7,251.2,70.98,69.88,74.25,74.16,66.62
2018M8,8,251.7,68.06,69.84,72.53,76.94,65.48
2018M9,9,252.2,70.23,73.16,78.89,82.72,66.7
2018M10,10,252.8,70.75,65.31,81.03,74.84,67.79
2018M11,11,252.6,56.96,50.78,64.75,57.71,54.4
2018M12,12,252.8,49.52,45.15,57.36,50.57,42.8
2019M1,1,252.6,51.38,53.84,59.41,62.46,49.71
2019M2,2,253.3,54.95,57.21,63.96,65.03,56.66
2019M3,3,254.3,58.15,60.19,66.14,67.93,61.14
2019M4,4,255.2,63.86,63.83,71.23,72.19,65.42
2019M5,5,255.3,60.83,53.49,71.32,66.78,65.03
2019M6,6,255.2,54.66,58.2,64.22,67.52,58.16
2019M7,7,255.8,57.35,58.53,63.92,64.07,59.18
2019M8,8,256,54.81,55.07,59.04,61.04,55.41
2019M9,9,256.4,56.95,54.09,62.83,60.99,57.31
2019M10,10,257.2,53.96,54.02,59.71,59.3,54.44
2019M11,11,257.9,57.03,58.12,63.21,64.5,55.27
2019M12,12,258.6,59.88,61.14,67.31,67.77,56.85
2020M1,1,259.1,57.52,51.58,63.65,57.77,53.87
2020M2,2,259.3,50.54,44.83,55.66,51.31,47.39
2020M3,3,258.1,29.21,20.51,32.01,14.85,28.5
2020M4,4,256,16.55,19.23,18.38,18.11,16.74
2020M5,5,255.8,28.56,35.57,29.38,34.15,22.56
2020M6,6,257,38.31,39.27,40.27,41.64,36.14
2020M7,7,258.4,40.71,40.1,43.24,43.13,39.33
2020M8,8,259.3,42.34,42.61,44.74,45.22,41.72
2020M9,9,260,39.63,40.05,40.91,40.3,38.73
2020M10,10,260.3,39.4,35.64,40.19,36.33,37.81
2020M11,11,260.9,40.94,45.2,42.69,46.84,39.15
2020M12,12,262,47.02,48.35,49.99,51.22,45.34
2021M1,1,262.6,52,52.16,54.77,55.25,49.6
2021M2,2,263.6,59.04,61.55,62.28,65.86,55.71
2021M3,3,264.8,62.33,59.19,65.41,63.52,59.84
2021M4,4,266.6,61.72,63.5,64.81,67.73,60.88
2021M5,5,268.4,65.17,66.31,68.53,69.36,63.81
2021M6,6,270.7,71.38,73.52,73.16,76.94,68.86
2021M7,7,272,72.49,73.93,75.17,77.72,69.91
2021M8,8,272.8,67.73,68.43,70.75,73.45,65.72
2021M9,9,273.9,71.65,75.22,74.49,77.81,69.27
2021M10,10,276.5,81.48,83.5,83.54,83.1,75.94
2021M11,11,278.8,79.15,66.14,81.05,70.86,76.61
2021M12,12,280.8,71.71,75.33,74.17,77.24,68.22
2022M1,1,282.5,83.22,89.16,86.51,92.35,76.92
2022M2,2,284.5,91.64,96.13,97.13,103.08,87.73
2022M3,3,287.5,108.5,100.53,117.25,107.29,104.39
2022M4,4,288.6,101.78,104.59,104.58,108.36,102.7
2022M5,5,291.3,109.55,114.38,113.34,125.53,108.71
2022M6,6,295.1,114.84,107.76,122.71,119.78,112.06
2022M7,7,294.9,101.62,101.31,111.93,111.51,99.67
2022M8,8,295.2,93.67,90.09,100.45,96.55,92.21
2022M9,9,296.4,84.26,79.91,89.76,88.9,83.3
2022M10,10,298,87.55,86.54,93.33,93.3,84.26
2022M11,11,298.7,84.37,80.48,91.42,85.61,79.31
2022M12,12,298.8,76.44,80.16,80.92,82.82,70.89
2023M1,1,300.5,78.12,78.95,82.5,83.42,70.32
2023M2,2,301.5,76.83,76.88,82.59,83.21,69.67
2023M3,3,301.6,73.28,75.68,78.43,79.19,68.53
2023M4,4,302.9,79.45,76.78,84.64,81.32,75.23
2023M5,5,303.3,71.58,68.11,75.47,71.98,70.05
2023M6,6,304.1,70.25,70.66,74.84,74.51,69.58
2023M7,7,304.6,76.07,81.8,80.11,85.22,74.83
2023M8,8,306.1,81.39,83.55,86.15,87.29,81.1
2023M9,9,307.4,89.43,90.77,93.72,95.86,87.14
2023M10,10,307.7,85.64,81.64,90.6,86.82,83.21
2023M11,11,308.1,77.69,75.66,82.94,81.72,76.42
2023M12,12,308.7,71.9,71.89,77.63,77.69,68.09
2024M1,1,309.8,74.15,76.28,80.12,82.98,69.28
2024M2,2,311,77.25,79.22,83.48,84.57,72.91
2024M3,3,312.1,81.28,83.96,85.41,86.17,75.88
2024M4,4,313,85.35,83.49,89.94,88.23,81.87
2024M5,5,313.1,80.02,78.96,81.75,79.41,78.34
2024M6,6,313.1,79.77,82.83,82.25,87.26,78.79
2024M7,7,313.6,81.8,79.36,85.15,81.39,79.67
2024M8,8,314.1,76.68,74.52,80.36,80.2,74.67
2024M9,9,314.9,70.24,68.75,74.02,72.35,69.61
2024M10,10,315.6,71.99,69.58,75.63,73.25,70.91
2024M11,11,316.4,69.95,68.26,74.35,74.16,69.08
2024M12,12,317.6,70.12,72.44,73.86,74.58,68.21
2025M1,1,319.1,75.74,72.84,79.27,77.11,72.71
2025M2,2,319.8,71.53,69.97,75.44,74.76,71.14
2025M3,3,319.6,68.24,71.87,72.73,77.23,67.55
2025M4,4,320.3,63.54,59.55,68.13,63.37,63.48
2025M5,5,320.6,62.17,61.46,64.45,64.32,61.81
2025M6,6,321.5,68.17,66.3,71.44,68.15,67.35
2025M7,7,322.1,68.39,70.36,71.04,73.43,68.4
2025M8,8,323.4,64.86,64.36,67.87,67.83,65.19
2025M9,9,324.4,63.96,63.17,67.99,68.52,61.28
2025M10,10,#N/A,60.89,61.75,64.54,65.44,62.2
2025M11,11,325,60.06,58.58,63.8,64.07,58.54
2025M12,12,326,57.97,57.26,62.54,61.35,.
2026M1,1,.,60.04,64.5,66.6,72.25,.
